id,complexity,clip_score
1,simple,0.305753
2,simple,0.307781
3,simple,0.262845
4,simple,0.294512
5,simple,0.285539
6,medium,0.307371
7,medium,0.294847
8,medium,0.335394
9,medium,0.294036
10,medium,0.300859
11,complex,0.320024
12,complex,0.310923
13,complex,0.358819
14,complex,0.321796
15,complex,0.363985
