id,complexity,clip_score
1,simple,0.311364
2,simple,0.306966
3,simple,0.293806
4,simple,0.293709
5,simple,0.288002
6,medium,0.296399
7,medium,0.294711
8,medium,0.338950
9,medium,0.282499
10,medium,0.321688
11,complex,0.326385
12,complex,0.303346
13,complex,0.335057
14,complex,0.306179
15,complex,0.391645
