id,complexity,clip_score
1,simple,0.304153
2,simple,0.303702
3,simple,0.214253
4,simple,0.289308
5,simple,0.284655
6,medium,0.314585
7,medium,0.291480
8,medium,0.344992
9,medium,0.284978
10,medium,0.301135
11,complex,0.319707
12,complex,0.319157
13,complex,0.350864
14,complex,0.320146
15,complex,0.365923
