id,complexity,clip_score
1,simple,0.316767
2,simple,0.320001
3,simple,0.292704
4,simple,0.299420
5,simple,0.285382
6,medium,0.301707
7,medium,0.289888
8,medium,0.354914
9,medium,0.296061
10,medium,0.323101
11,complex,0.323590
12,complex,0.219809
13,complex,0.328166
14,complex,0.294325
15,complex,0.376885
