id,complexity,clip_score
1,simple,0.257820
2,simple,0.249894
3,simple,0.268457
4,simple,0.251818
5,simple,0.246409
6,medium,0.283529
7,medium,0.266676
8,medium,0.292948
9,medium,0.271890
10,medium,0.326605
11,complex,0.273196
12,complex,0.277178
13,complex,0.294340
14,complex,0.294327
15,complex,0.321962
