id,complexity,clip_score
1,simple,0.263882
2,simple,0.257660
3,simple,0.263686
4,simple,0.253892
5,simple,0.247910
6,medium,0.257475
7,medium,0.268465
8,medium,0.277083
9,medium,0.283869
10,medium,0.298687
11,complex,0.271981
12,complex,0.269403
13,complex,0.247372
14,complex,0.270213
15,complex,0.308894
