id,complexity,clip_score
1,simple,0.253107
2,simple,0.305986
3,simple,0.288978
4,simple,0.287631
5,simple,0.290406
6,medium,0.297925
7,medium,0.285110
8,medium,0.341273
9,medium,0.285647
10,medium,0.292333
11,complex,0.237419
12,complex,0.311308
13,complex,0.351946
14,complex,0.313402
15,complex,0.377040
