id,complexity,clip_score
1,simple,0.251320
2,simple,0.250645
3,simple,0.266560
4,simple,0.253866
5,simple,0.243529
6,medium,0.259824
7,medium,0.232329
8,medium,0.284024
9,medium,0.268341
10,medium,0.267669
11,complex,0.275027
12,complex,0.246138
13,complex,0.229521
14,complex,0.291812
15,complex,0.314840
