id,complexity,clip_score
1,simple,0.304325
2,simple,0.301049
3,simple,0.287099
4,simple,0.297764
5,simple,0.284867
6,medium,0.306973
7,medium,0.294388
8,medium,0.340116
9,medium,0.279831
10,medium,0.315947
11,complex,0.320196
12,complex,0.318808
13,complex,0.338863
14,complex,0.299464
15,complex,0.369107
